"path";"id";"parent_id";"level";"object_id";"object_type";"object_key";"query_status";"query_time";"query_type";"from.id";"from.name";"created_time";"updated_time";"message";"shares.count";"comments.summary.total_count";"reactions.summary.total_count";"like.summary.total_count";"love.summary.total_count";"haha.summary.total_count";"wow.summary.total_count";"sad.summary.total_count";"angry.summary.total_count"
"327158650971191_1557869387900105";"43771";"12157";"1";"327158650971191_1557869387900105";"data";"data.*";"fetched (200)";"2022-08-05 17:04:43.776570";"Facebook:/<page-id>/posts";"327158650971191";"SkyLine Real Estate";"2021-01-28T16:02:48+0000";"2021-01-28T16:02:48+0000";"2 Bedroom brand new apartment available in Hokandara with pool, gym, etc  1150 sqft 15 Million.";"1";"0";"0";"0";"0";"0";"0";"0";"0"
"327158650971191_1557869387900105/327158650971191_1557869387900105";"43892";"43771";"2";"327158650971191_1557869387900105";"empty";"";"fetched (200)";"2022-08-05 17:16:42.614498";"Facebook:/<post-id>/comments";"";"";"";"";"";"";"";"";"";"";"";"";"";""
"327158650971191_1557869387900105/327158650971191_1556114671408910";"43772";"12157";"1";"327158650971191_1556114671408910";"data";"data.*";"fetched (200)";"2022-08-05 17:04:43.776570";"Facebook:/<page-id>/posts";"327158650971191";"SkyLine Real Estate";"2021-01-26T09:10:40+0000";"2021-01-26T09:10:40+0000";"For all your real estate needs, we are there to help you. Get in touch with us today.";"";"0";"0";"0";"0";"0";"0";"0";"0"
"327158650971191_1557869387900105/327158650971191_1556114671408910/327158650971191_1556114671408910";"43837";"43772";"2";"327158650971191_1556114671408910";"empty";"";"fetched (200)";"2022-08-05 17:08:06.145155";"Facebook:/<post-id>/comments";"";"";"";"";"";"";"";"";"";"";"";"";"";""
"327158650971191_1557869387900105/327158650971191_1556114671408910/327158650971191_1556114671408910";"43893";"43772";"2";"327158650971191_1556114671408910";"empty";"";"fetched (200)";"2022-08-05 17:16:43.022587";"Facebook:/<post-id>/comments";"";"";"";"";"";"";"";"";"";"";"";"";"";""
"327158650971191_1557869387900105/327158650971191_1555381011482276";"43773";"12157";"1";"327158650971191_1555381011482276";"data";"data.*";"fetched (200)";"2022-08-05 17:04:43.776570";"Facebook:/<page-id>/posts";"327158650971191";"SkyLine Real Estate";"2021-01-25T09:58:42+0000";"2021-01-25T09:58:42+0000";"We are urgently looking for a 10 perch bare land around Kotte, Pelawatte and Battaramulla. Ideally suited to housing projects.";"";"0";"1";"0";"1";"0";"0";"0";"0"
"327158650971191_1557869387900105/327158650971191_1555381011482276/327158650971191_1555381011482276";"43838";"43773";"2";"327158650971191_1555381011482276";"empty";"";"fetched (200)";"2022-08-05 17:08:06.554255";"Facebook:/<post-id>/comments";"";"";"";"";"";"";"";"";"";"";"";"";"";""
"327158650971191_1557869387900105/327158650971191_1555381011482276/327158650971191_1555381011482276";"43894";"43773";"2";"327158650971191_1555381011482276";"empty";"";"fetched (200)";"2022-08-05 17:16:43.480883";"Facebook:/<post-id>/comments";"";"";"";"";"";"";"";"";"";"";"";"";"";""
"327158650971191_1557869387900105/327158650971191_1553728888314155";"43774";"12157";"1";"327158650971191_1553728888314155";"data";"data.*";"fetched (200)";"2022-08-05 17:04:43.776570";"Facebook:/<page-id>/posts";"327158650971191";"SkyLine Real Estate";"2021-01-23T07:09:31+0000";"2021-01-23T07:09:31+0000";"10 Perches of Land facing Havelock Road available for sale. Ideal for any type of business. Rs. 10 Million Per Perch (Negotiable)";"";"0";"0";"0";"0";"0";"0";"0";"0"
"327158650971191_1557869387900105/327158650971191_1553728888314155/327158650971191_1553728888314155";"43839";"43774";"2";"327158650971191_1553728888314155";"empty";"";"fetched (200)";"2022-08-05 17:08:06.965435";"Facebook:/<post-id>/comments";"";"";"";"";"";"";"";"";"";"";"";"";"";""
"327158650971191_1557869387900105/327158650971191_1553728888314155/327158650971191_1553728888314155";"43895";"43774";"2";"327158650971191_1553728888314155";"empty";"";"fetched (200)";"2022-08-05 17:16:43.888297";"Facebook:/<post-id>/comments";"";"";"";"";"";"";"";"";"";"";"";"";"";""
"327158650971191_1557869387900105/327158650971191_1552962371724140";"43775";"12157";"1";"327158650971191_1552962371724140";"data";"data.*";"fetched (200)";"2022-08-05 17:04:43.776570";"Facebook:/<page-id>/posts";"327158650971191";"SkyLine Real Estate";"2021-01-22T04:57:32+0000";"2021-01-22T04:57:32+0000";"";"1";"0";"0";"0";"0";"0";"0";"0";"0"
"327158650971191_1557869387900105/327158650971191_1552962371724140/327158650971191_1552962371724140";"43840";"43775";"2";"327158650971191_1552962371724140";"empty";"";"fetched (200)";"2022-08-05 17:08:07.368812";"Facebook:/<post-id>/comments";"";"";"";"";"";"";"";"";"";"";"";"";"";""
"327158650971191_1557869387900105/327158650971191_1552962371724140/327158650971191_1552962371724140";"43896";"43775";"2";"327158650971191_1552962371724140";"empty";"";"fetched (200)";"2022-08-05 17:16:44.400450";"Facebook:/<post-id>/comments";"";"";"";"";"";"";"";"";"";"";"";"";"";""
"327158650971191_1557869387900105/327158650971191_1552210141799363";"43776";"12157";"1";"327158650971191_1552210141799363";"data";"data.*";"fetched (200)";"2022-08-05 17:04:43.776570";"Facebook:/<page-id>/posts";"327158650971191";"SkyLine Real Estate";"2021-01-21T05:24:47+0000";"2021-01-21T05:24:47+0000";"";"";"0";"1";"1";"0";"0";"0";"0";"0"
"327158650971191_1557869387900105/327158650971191_1552210141799363/327158650971191_1552210141799363";"43841";"43776";"2";"327158650971191_1552210141799363";"empty";"";"fetched (200)";"2022-08-05 17:08:07.776478";"Facebook:/<post-id>/comments";"";"";"";"";"";"";"";"";"";"";"";"";"";""
"327158650971191_1557869387900105/327158650971191_1552210141799363/327158650971191_1552210141799363";"43897";"43776";"2";"327158650971191_1552210141799363";"empty";"";"fetched (200)";"2022-08-05 17:16:44.803314";"Facebook:/<post-id>/comments";"";"";"";"";"";"";"";"";"";"";"";"";"";""
"327158650971191_1557869387900105/327158650971191_1549137685439942";"43777";"12157";"1";"327158650971191_1549137685439942";"data";"data.*";"fetched (200)";"2022-08-05 17:04:43.776570";"Facebook:/<page-id>/posts";"327158650971191";"SkyLine Real Estate";"2021-01-17T08:47:41+0000";"2021-01-17T08:47:41+0000";"866 perches bare land for sale in Hikkaduwa. Ideal for a hotel, factory, villa etc. Rs. 150,000 per Perch.";"1";"0";"0";"0";"0";"0";"0";"0";"0"
"327158650971191_1557869387900105/327158650971191_1549137685439942/327158650971191_1549137685439942";"43842";"43777";"2";"327158650971191_1549137685439942";"empty";"";"fetched (200)";"2022-08-05 17:08:08.184868";"Facebook:/<post-id>/comments";"";"";"";"";"";"";"";"";"";"";"";"";"";""
"327158650971191_1557869387900105/327158650971191_1549137685439942/327158650971191_1549137685439942";"43898";"43777";"2";"327158650971191_1549137685439942";"empty";"";"fetched (200)";"2022-08-05 17:16:45.196717";"Facebook:/<post-id>/comments";"";"";"";"";"";"";"";"";"";"";"";"";"";""
"327158650971191_1557869387900105/327158650971191_1549132452107132";"43778";"12157";"1";"327158650971191_1549132452107132";"data";"data.*";"fetched (200)";"2022-08-05 17:04:43.776570";"Facebook:/<page-id>/posts";"327158650971191";"SkyLine Real Estate";"2021-01-17T08:41:28+0000";"2021-01-17T08:42:13+0000";"HOUSE FOR SALE IN HORANA   30.2 p land consisting of a complete house with 4 bedrooms and 1 bathroom in Horana, Kulupana  Spacious living and dining area  Annex for two people attached with 2 rooms and 1 attached bathroom  Spacious garden   Peaceful neighborhood  500 meters to the main road (Horana / Panadura bus route)  Southern Express Highway (Galenigama entrance - 7.5 KM / Kahathuduwa entrance - 13 KM)  Rs. 20 Million. Please PM for further details.";"1";"0";"1";"1";"0";"0";"0";"0";"0"
"327158650971191_1557869387900105/327158650971191_1549132452107132/327158650971191_1549132452107132";"43843";"43778";"2";"327158650971191_1549132452107132";"empty";"";"fetched (200)";"2022-08-05 17:08:08.598001";"Facebook:/<post-id>/comments";"";"";"";"";"";"";"";"";"";"";"";"";"";""
"327158650971191_1557869387900105/327158650971191_1549132452107132/327158650971191_1549132452107132";"43899";"43778";"2";"327158650971191_1549132452107132";"empty";"";"fetched (200)";"2022-08-05 17:16:46.136203";"Facebook:/<post-id>/comments";"";"";"";"";"";"";"";"";"";"";"";"";"";""
"327158650971191_1557869387900105/327158650971191_1549124685441242";"43779";"12157";"1";"327158650971191_1549124685441242";"data";"data.*";"fetched (200)";"2022-08-05 17:04:43.776570";"Facebook:/<page-id>/posts";"327158650971191";"SkyLine Real Estate";"2021-01-17T08:28:50+0000";"2021-01-17T08:28:50+0000";"HOTEL FOR SALE Located in Hunupitiya. 182 perches in total. 5 storied building with 80+ Rooms, 2 Swimming Pools, 3 Restaurants with liquor license. 350 pax Reception Hall. Rs. 450 million (Negotiable after inspection).";"2";"0";"0";"0";"0";"0";"0";"0";"0"
"327158650971191_1557869387900105/327158650971191_1549124685441242/327158650971191_1549124685441242";"43844";"43779";"2";"327158650971191_1549124685441242";"empty";"";"fetched (200)";"2022-08-05 17:08:09.006013";"Facebook:/<post-id>/comments";"";"";"";"";"";"";"";"";"";"";"";"";"";""
"327158650971191_1557869387900105/327158650971191_1549124685441242/327158650971191_1549124685441242";"43900";"43779";"2";"327158650971191_1549124685441242";"empty";"";"fetched (200)";"2022-08-05 17:16:46.542982";"Facebook:/<post-id>/comments";"";"";"";"";"";"";"";"";"";"";"";"";"";""
"327158650971191_1557869387900105/327158650971191_1549121985441512";"43780";"12157";"1";"327158650971191_1549121985441512";"data";"data.*";"fetched (200)";"2022-08-05 17:04:43.776570";"Facebook:/<page-id>/posts";"327158650971191";"SkyLine Real Estate";"2021-01-17T08:24:34+0000";"2021-01-17T08:24:34+0000";"Nawala 18.5 perches commercial property with an old house facing Nawala - Rajagiriya Main Road. 8 Million Per Perch (Negotiable After Inspection). Please PM";"1";"0";"1";"1";"0";"0";"0";"0";"0"
"327158650971191_1557869387900105/327158650971191_1549121985441512/327158650971191_1549121985441512";"43845";"43780";"2";"327158650971191_1549121985441512";"empty";"";"fetched (200)";"2022-08-05 17:08:09.518489";"Facebook:/<post-id>/comments";"";"";"";"";"";"";"";"";"";"";"";"";"";""
"327158650971191_1557869387900105/327158650971191_1549121985441512/327158650971191_1549121985441512";"43901";"43780";"2";"327158650971191_1549121985441512";"empty";"";"fetched (200)";"2022-08-05 17:16:46.911009";"Facebook:/<post-id>/comments";"";"";"";"";"";"";"";"";"";"";"";"";"";""
"327158650971191_1557869387900105/327158650971191_1549118738775170";"43781";"12157";"1";"327158650971191_1549118738775170";"data";"data.*";"fetched (200)";"2022-08-05 17:04:43.776570";"Facebook:/<page-id>/posts";"327158650971191";"SkyLine Real Estate";"2021-01-17T08:19:56+0000";"2021-01-17T08:19:56+0000";"LANDS WANTED FOR PURCHASE Preferably on Waidya Road, Bhathiya Mawatha, Kadawatha Road and Bellanwila. Please PM pictures and details.";"1";"0";"0";"0";"0";"0";"0";"0";"0"
"327158650971191_1557869387900105/327158650971191_1549118738775170/327158650971191_1549118738775170";"43846";"43781";"2";"327158650971191_1549118738775170";"empty";"";"fetched (200)";"2022-08-05 17:08:09.921254";"Facebook:/<post-id>/comments";"";"";"";"";"";"";"";"";"";"";"";"";"";""
"327158650971191_1557869387900105/327158650971191_1549118738775170/327158650971191_1549118738775170";"43902";"43781";"2";"327158650971191_1549118738775170";"empty";"";"fetched (200)";"2022-08-05 17:16:47.357625";"Facebook:/<post-id>/comments";"";"";"";"";"";"";"";"";"";"";"";"";"";""
"327158650971191_1557869387900105/327158650971191_1549117395441971";"43782";"12157";"1";"327158650971191_1549117395441971";"data";"data.*";"fetched (200)";"2022-08-05 17:04:43.776570";"Facebook:/<page-id>/posts";"327158650971191";"SkyLine Real Estate";"2021-01-17T08:17:26+0000";"2021-01-17T08:17:26+0000";"WANTED TEA ESTATE TO BUY Our client is looking to purchase a well maintained tea estate. 3 to 15 acres with a bungalow. Clear deeds and boundary demarcations compulsory. Presence of a wide road for vehicle access. Travelling time from Colombo should be less than 4 hours. Please PM with pictures and details.";"1";"0";"1";"1";"0";"0";"0";"0";"0"
"327158650971191_1557869387900105/327158650971191_1549117395441971/327158650971191_1549117395441971";"43847";"43782";"2";"327158650971191_1549117395441971";"empty";"";"fetched (200)";"2022-08-05 17:08:10.338868";"Facebook:/<post-id>/comments";"";"";"";"";"";"";"";"";"";"";"";"";"";""
"327158650971191_1557869387900105/327158650971191_1549117395441971/327158650971191_1549117395441971";"43903";"43782";"2";"327158650971191_1549117395441971";"empty";"";"fetched (200)";"2022-08-05 17:16:47.772968";"Facebook:/<post-id>/comments";"";"";"";"";"";"";"";"";"";"";"";"";"";""
"327158650971191_1557869387900105/327158650971191_1549110818775962";"43783";"12157";"1";"327158650971191_1549110818775962";"data";"data.*";"fetched (200)";"2022-08-05 17:04:43.776570";"Facebook:/<page-id>/posts";"327158650971191";"SkyLine Real Estate";"2021-01-17T07:58:57+0000";"2021-09-10T14:14:10+0000";"Looking for 100 perch and above lands in Colombo and Kalutara Districts for plot and sell. 0773227790";"1";"1";"0";"0";"0";"0";"0";"0";"0"
"327158650971191_1557869387900105/327158650971191_1549110818775962/327158650971191_1549110818775962";"43848";"43783";"2";"327158650971191_1549110818775962";"data";"data.*";"fetched (200)";"2022-08-05 17:08:10.701994";"Facebook:/<post-id>/comments";"";"";"2021-09-10T14:14:10+0000";"";" Have";"";"";"";"";"";"";"";"";""
"327158650971191_1557869387900105/327158650971191_1549110818775962/327158650971191_1549110818775962";"43904";"43783";"2";"327158650971191_1549110818775962";"data";"data.*";"fetched (200)";"2022-08-05 17:16:48.143187";"Facebook:/<post-id>/comments";"";"";"2021-09-10T14:14:10+0000";"";" Have";"";"";"";"";"";"";"";"";""
"327158650971191_1557869387900105/327158650971191_1567424980277879";"43785";"12157";"1";"327158650971191_1567424980277879";"data";"data.*";"fetched (200)";"2022-08-05 17:04:56.612631";"Facebook:/<page-id>/posts";"327158650971191";"SkyLine Real Estate";"2021-02-10T10:52:50+0000";"2021-02-10T10:54:22+0000";"Urgently looking to buy upto 10 P between Bambalapitiya and Colpetty with residential house. Seaside OK. Budget max upto 80M. This will be for an investment. Owners please call 0773272900";"1";"0";"0";"0";"0";"0";"0";"0";"0"
"327158650971191_1557869387900105/327158650971191_1567424980277879/327158650971191_1567424980277879";"43849";"43785";"2";"327158650971191_1567424980277879";"empty";"";"fetched (200)";"2022-08-05 17:08:11.253042";"Facebook:/<post-id>/comments";"";"";"";"";"";"";"";"";"";"";"";"";"";""
"327158650971191_1557869387900105/327158650971191_1567424980277879/327158650971191_1567424980277879";"43905";"43785";"2";"327158650971191_1567424980277879";"empty";"";"fetched (200)";"2022-08-05 17:16:48.697461";"Facebook:/<post-id>/comments";"";"";"";"";"";"";"";"";"";"";"";"";"";""
"327158650971191_1557869387900105/327158650971191_1593475267672850";"43787";"12157";"1";"327158650971191_1593475267672850";"data";"data.*";"fetched (200)";"2022-08-05 17:05:02.828241";"Facebook:/<page-id>/posts";"327158650971191";"SkyLine Real Estate";"2021-03-15T17:52:46+0000";"2021-03-15T17:52:46+0000";"Colombo 4 Marine Drive facing 38 perch bare land for sale. + 20 ft access road. 17 Million Per Perch. Negotiable. 0773272900";"1";"0";"1";"1";"0";"0";"0";"0";"0"
"327158650971191_1557869387900105/327158650971191_1593475267672850/327158650971191_1593475267672850";"43850";"43787";"2";"327158650971191_1593475267672850";"empty";"";"fetched (200)";"2022-08-05 17:08:11.660178";"Facebook:/<post-id>/comments";"";"";"";"";"";"";"";"";"";"";"";"";"";""
"327158650971191_1557869387900105/327158650971191_1593475267672850/327158650971191_1593475267672850";"43906";"43787";"2";"327158650971191_1593475267672850";"empty";"";"fetched (200)";"2022-08-05 17:16:49.041276";"Facebook:/<post-id>/comments";"";"";"";"";"";"";"";"";"";"";"";"";"";""
"327158650971191_1557869387900105/327158650971191_1635062260180817";"43790";"12157";"1";"327158650971191_1635062260180817";"data";"data.*";"fetched (200)";"2022-08-05 17:05:14.877710";"Facebook:/<page-id>/posts";"327158650971191";"SkyLine Real Estate";"2021-05-01T06:36:03+0000";"2021-05-01T06:36:03+0000";"“The miracle is not that we do this work, but that we are happy to do it.” – Mother Teresa  Happy Labour Day 2021";"";"0";"0";"0";"0";"0";"0";"0";"0"
"327158650971191_1557869387900105/327158650971191_1635062260180817/327158650971191_1635062260180817";"43851";"43790";"2";"327158650971191_1635062260180817";"empty";"";"fetched (200)";"2022-08-05 17:08:12.081920";"Facebook:/<post-id>/comments";"";"";"";"";"";"";"";"";"";"";"";"";"";""
"327158650971191_1557869387900105/327158650971191_1635062260180817/327158650971191_1635062260180817";"43907";"43790";"2";"327158650971191_1635062260180817";"empty";"";"fetched (200)";"2022-08-05 17:16:49.414884";"Facebook:/<post-id>/comments";"";"";"";"";"";"";"";"";"";"";"";"";"";""
"327158650971191_1557869387900105/327158650971191_1678211999199176";"43792";"12157";"1";"327158650971191_1678211999199176";"data";"data.*";"fetched (200)";"2022-08-05 17:05:23.193314";"Facebook:/<page-id>/posts";"327158650971191";"SkyLine Real Estate";"2021-06-28T12:31:04+0000";"2021-06-28T12:31:04+0000";"All Big Things Started Small.  We at SkyLine Real Estate want you to succeed in your business. We are proud to have worked with more than 100 clients to exchange/sell/acquire potential businesses in Sri Lanka and on global level.  What we do when you send us a request to manage your business?  1. We study your business carefully. 2. We offer you suggestions after the study. 3. We connect you with the right party, be it buying, selling, exchanging, mergers or takeovers. 4. We stay with you from start to end of the deal. 5. We look upon the hassle of site visits, other inspections, paperwork and all other services on your behalf. 6. We do all the marketing and promotional activities on your behalf. 7. We help you to complete the deal at the least possible time using the most effective strategies.  So why wait? Do you have a business to sell? Or willing to buy one? Going for a merger? Or planning to acquire one? How about a takeover? Well, we have you covered. Pick the phone and call us on 0777 669 669 or WhatsApp us to know more details.  SkyLine Real Estate - Indeed, the sky is the limit for us.";"1";"0";"0";"0";"0";"0";"0";"0";"0"
"327158650971191_1557869387900105/327158650971191_1678211999199176/327158650971191_1678211999199176";"43852";"43792";"2";"327158650971191_1678211999199176";"empty";"";"fetched (200)";"2022-08-05 17:08:12.487135";"Facebook:/<post-id>/comments";"";"";"";"";"";"";"";"";"";"";"";"";"";""
"327158650971191_1557869387900105/327158650971191_1678211999199176/327158650971191_1678211999199176";"43908";"43792";"2";"327158650971191_1678211999199176";"empty";"";"fetched (200)";"2022-08-05 17:16:49.781534";"Facebook:/<post-id>/comments";"";"";"";"";"";"";"";"";"";"";"";"";"";""
"327158650971191_1557869387900105/327158650971191_1671655456521497";"43793";"12157";"1";"327158650971191_1671655456521497";"data";"data.*";"fetched (200)";"2022-08-05 17:05:23.193314";"Facebook:/<page-id>/posts";"327158650971191";"SkyLine Real Estate";"2021-06-20T01:20:15+0000";"2021-06-21T08:04:39+0000";"E-Commerce and Classified Website For Sale (.lk)  - Here's an opportunity to be the proud owner of your very own E-Commerce Store and Classified Website. - Covid-19 has made a great impact on our day to day lives especially the use of technology and conveniently getting things delivered to your doorstep is a great leap forward. - Start your new or additional business at the comfort of your home with less investment. - Domain name resembles a popular International company so the brand is very powerful with a solid resale market. - Social media pages of the website will also be transferred to the buyer. (Facebook and Instagram pages) - Any type of products can be sold on the E-Commerce store. - New product categories and new products can be added to the E-Commerce store. - Currently the website supports Cash on Delivery Islandwide and Courier Partners exist. - If the buyer needs payment gateway to accept online card payments, the current owner's are willing to add this service by developing the payment gateway module free of charge. - Stocks worth Rs. 100,000 (Electronic Gadgets and Home Appliances) is offered free to the buyer to continue selling the products after purchase. - The classified part of the website caters to ads of any category (Currently ads are provided free but the website also supports paid ads) - Sale of this website is on First Come First Served basis. - Verbal reservation is not possible unless through a written confirmation or an advance payment. - To show interest in purchase, kindly fill the form in below link and one of our Customer Service Representative will be in touch with you soon.  https://forms.gle/UjrQNmY9E63ebNVb8";"3";"0";"10";"7";"1";"1";"1";"0";"0"
"327158650971191_1557869387900105/327158650971191_1671655456521497/327158650971191_1671655456521497";"43853";"43793";"2";"327158650971191_1671655456521497";"empty";"";"fetched (200)";"2022-08-05 17:08:12.853148";"Facebook:/<post-id>/comments";"";"";"";"";"";"";"";"";"";"";"";"";"";""
"327158650971191_1557869387900105/327158650971191_1671655456521497/327158650971191_1671655456521497";"43909";"43793";"2";"327158650971191_1671655456521497";"empty";"";"fetched (200)";"2022-08-05 17:16:50.234633";"Facebook:/<post-id>/comments";"";"";"";"";"";"";"";"";"";"";"";"";"";""
"327158650971191_1557869387900105/327158650971191_1671399006547142";"43794";"12157";"1";"327158650971191_1671399006547142";"data";"data.*";"fetched (200)";"2022-08-05 17:05:23.193314";"Facebook:/<page-id>/posts";"327158650971191";"SkyLine Real Estate";"2021-06-19T16:53:35+0000";"2021-06-19T17:08:24+0000";"Pharmacy for Sale in Colombo 05  - Located at an ideal place (No pharmacies in the vicinity). - Parking Available - CCTV System - Surrounded by residencies and offices. - Pharmacy, Grocery and Cosmetics - With all stocks, fittings, super market racks, billing systems, CCTV, A/C, Fridges, Deep Freezer and all other items. - Final price is negotiable. - Offered on First Come First Served basis. - No verbal reservations possible unless written confirmation or advance paid. - To show interest, please fill Google Form below and one of our customers service officer will be in touch with you soon.  https://forms.gle/hmz72hHNPv6GryCEA";"";"0";"16";"16";"0";"0";"0";"0";"0"
"327158650971191_1557869387900105/327158650971191_1671399006547142/327158650971191_1671399006547142";"43854";"43794";"2";"327158650971191_1671399006547142";"empty";"";"fetched (200)";"2022-08-05 17:08:13.304965";"Facebook:/<post-id>/comments";"";"";"";"";"";"";"";"";"";"";"";"";"";""
"327158650971191_1557869387900105/327158650971191_1671399006547142/327158650971191_1671399006547142";"43910";"43794";"2";"327158650971191_1671399006547142";"empty";"";"fetched (200)";"2022-08-05 17:16:50.656761";"Facebook:/<post-id>/comments";"";"";"";"";"";"";"";"";"";"";"";"";"";""
"327158650971191_1557869387900105/327158650971191_1702882540065455";"43796";"12157";"1";"327158650971191_1702882540065455";"data";"data.*";"fetched (200)";"2022-08-05 17:05:28.152490";"Facebook:/<page-id>/posts";"327158650971191";"SkyLine Real Estate";"2021-07-30T04:39:13+0000";"2021-07-30T04:39:13+0000";"An institution located in Bambalapitiya is looking for an Administration Assistant to overlook the day to day operations of the institution.  Job Requirement - Should be able to converse in all 3 languages (English, Sinhala and Tamil) - Should be living close to Colombo or Greater Colombo. - Candidates after O/L's or A/L's can also apply as Trainee Assistants.  Only phone interviews will be conducted. Please call us on 0766715506 between 09.30 am until 06.30 pm on weekdays.";"";"0";"0";"0";"0";"0";"0";"0";"0"
"327158650971191_1557869387900105/327158650971191_1702882540065455/327158650971191_1702882540065455";"43855";"43796";"2";"327158650971191_1702882540065455";"empty";"";"fetched (200)";"2022-08-05 17:08:13.718240";"Facebook:/<post-id>/comments";"";"";"";"";"";"";"";"";"";"";"";"";"";""
"327158650971191_1557869387900105/327158650971191_1702882540065455/327158650971191_1702882540065455";"43911";"43796";"2";"327158650971191_1702882540065455";"empty";"";"fetched (200)";"2022-08-05 17:16:51.052344";"Facebook:/<post-id>/comments";"";"";"";"";"";"";"";"";"";"";"";"";"";""
"327158650971191_1557869387900105/327158650971191_1691172007903175";"43797";"12157";"1";"327158650971191_1691172007903175";"data";"data.*";"fetched (200)";"2022-08-05 17:05:28.152490";"Facebook:/<page-id>/posts";"327158650971191";"SkyLine Real Estate";"2021-07-15T05:47:01+0000";"2021-07-22T04:09:50+0000";"Our sister company located in Battaramulla is looking to fill a position for Accounts Assistant.  - In-charge of all accounts related work - Data entry of accounts entries and maintaining same. - Should be able to join immediately. - On-the-job training will be provided.  This is a permanent position.  We conduct phone interviews only, please call 0776120766";"";"0";"1";"1";"0";"0";"0";"0";"0"
"327158650971191_1557869387900105/327158650971191_1691172007903175/327158650971191_1691172007903175";"43856";"43797";"2";"327158650971191_1691172007903175";"empty";"";"fetched (200)";"2022-08-05 17:08:14.134978";"Facebook:/<post-id>/comments";"";"";"";"";"";"";"";"";"";"";"";"";"";""
"327158650971191_1557869387900105/327158650971191_1691172007903175/327158650971191_1691172007903175";"43912";"43797";"2";"327158650971191_1691172007903175";"empty";"";"fetched (200)";"2022-08-05 17:16:51.464452";"Facebook:/<post-id>/comments";"";"";"";"";"";"";"";"";"";"";"";"";"";""
"327158650971191_1557869387900105/327158650971191_1683385682015141";"43798";"12157";"1";"327158650971191_1683385682015141";"data";"data.*";"fetched (200)";"2022-08-05 17:05:28.152490";"Facebook:/<page-id>/posts";"327158650971191";"SkyLine Real Estate";"2021-07-05T06:14:44+0000";"2021-07-05T06:14:44+0000";"Our sister company (Atrium Technologies) is looking for a Trainee Web Developer  - O/L or A/L qualified. - Should know the basics of Websites, Computers and a likeness to Information Technology. - Should be someone living in Colombo or suburbs. - Selected candidate will be provided 6 months on-the-job training and absorbed into permanent position.";"";"0";"0";"0";"0";"0";"0";"0";"0"
"327158650971191_1557869387900105/327158650971191_1683385682015141/327158650971191_1683385682015141";"43857";"43798";"2";"327158650971191_1683385682015141";"empty";"";"fetched (200)";"2022-08-05 17:08:14.488398";"Facebook:/<post-id>/comments";"";"";"";"";"";"";"";"";"";"";"";"";"";""
"327158650971191_1557869387900105/327158650971191_1683385682015141/327158650971191_1683385682015141";"43913";"43798";"2";"327158650971191_1683385682015141";"empty";"";"fetched (200)";"2022-08-05 17:16:51.871400";"Facebook:/<post-id>/comments";"";"";"";"";"";"";"";"";"";"";"";"";"";""
"327158650971191_1557869387900105/327158650971191_1683380872015622";"43799";"12157";"1";"327158650971191_1683380872015622";"data";"data.*";"fetched (200)";"2022-08-05 17:05:28.152490";"Facebook:/<page-id>/posts";"327158650971191";"SkyLine Real Estate";"2021-07-05T06:07:47+0000";"2021-07-05T06:07:47+0000";"Our sister company (Atrium Technologies) is looking for a Web Developer  - 1 to 2 years of experience. - Good command of English. - Knowledge in HTML5, CSS, PHP. - Living in Colombo or suburbs. - Should be able to present few portfolio of completed projects during the interview.";"";"0";"0";"0";"0";"0";"0";"0";"0"
"327158650971191_1557869387900105/327158650971191_1683380872015622/327158650971191_1683380872015622";"43858";"43799";"2";"327158650971191_1683380872015622";"empty";"";"fetched (200)";"2022-08-05 17:08:14.946033";"Facebook:/<post-id>/comments";"";"";"";"";"";"";"";"";"";"";"";"";"";""
"327158650971191_1557869387900105/327158650971191_1683380872015622/327158650971191_1683380872015622";"43914";"43799";"2";"327158650971191_1683380872015622";"empty";"";"fetched (200)";"2022-08-05 17:16:52.281303";"Facebook:/<post-id>/comments";"";"";"";"";"";"";"";"";"";"";"";"";"";""
"327158650971191_1557869387900105/327158650971191_1683377112015998";"43800";"12157";"1";"327158650971191_1683377112015998";"data";"data.*";"fetched (200)";"2022-08-05 17:05:28.152490";"Facebook:/<page-id>/posts";"327158650971191";"SkyLine Real Estate";"2021-07-05T06:02:32+0000";"2021-07-05T06:03:04+0000";"Our sister company (Atrium Technologies) is looking for experienced Graphic Designers. - 1 to 2 years of experience. - Good command of English. - Living in Colombo or suburbs. - Be able to present a portfolio of previous work during interview.";"";"0";"3";"3";"0";"0";"0";"0";"0"
"327158650971191_1557869387900105/327158650971191_1683377112015998/327158650971191_1683377112015998";"43859";"43800";"2";"327158650971191_1683377112015998";"empty";"";"fetched (200)";"2022-08-05 17:08:15.353295";"Facebook:/<post-id>/comments";"";"";"";"";"";"";"";"";"";"";"";"";"";""
"327158650971191_1557869387900105/327158650971191_1683377112015998/327158650971191_1683377112015998";"43915";"43800";"2";"327158650971191_1683377112015998";"empty";"";"fetched (200)";"2022-08-05 17:16:52.683427";"Facebook:/<post-id>/comments";"";"";"";"";"";"";"";"";"";"";"";"";"";""
"327158650971191_1557869387900105/327158650971191_1706058929747816";"43802";"12157";"1";"327158650971191_1706058929747816";"data";"data.*";"fetched (200)";"2022-08-05 17:05:33.687091";"Facebook:/<page-id>/posts";"327158650971191";"SkyLine Real Estate";"2021-08-03T07:02:28+0000";"2021-08-03T07:02:28+0000";"Vacancy for a Technician in a leading company.  Job Requirements  - Good knowledge in TV repairing. - Living close to Battaramulla or Colombo and suburbs preferred.  Phone Interviews Only. Please call 0776120766 between 09.30 am until 06.30 pm on Weekdays and Weekends.";"";"0";"1";"1";"0";"0";"0";"0";"0"
"327158650971191_1557869387900105/327158650971191_1706058929747816/327158650971191_1706058929747816";"43860";"43802";"2";"327158650971191_1706058929747816";"empty";"";"fetched (200)";"2022-08-05 17:08:15.764592";"Facebook:/<post-id>/comments";"";"";"";"";"";"";"";"";"";"";"";"";"";""
"327158650971191_1557869387900105/327158650971191_1706058929747816/327158650971191_1706058929747816";"43916";"43802";"2";"327158650971191_1706058929747816";"empty";"";"fetched (200)";"2022-08-05 17:16:53.295629";"Facebook:/<post-id>/comments";"";"";"";"";"";"";"";"";"";"";"";"";"";""
"327158650971191_1557869387900105/327158650971191_1741717616181947";"43804";"12157";"1";"327158650971191_1741717616181947";"data";"data.*";"fetched (200)";"2022-08-05 17:05:39.694514";"Facebook:/<page-id>/posts";"327158650971191";"SkyLine Real Estate";"2021-09-17T11:01:12+0000";"2021-09-17T11:01:12+0000";"";"";"0";"0";"0";"0";"0";"0";"0";"0"
"327158650971191_1557869387900105/327158650971191_1741717616181947/327158650971191_1741717616181947";"43861";"43804";"2";"327158650971191_1741717616181947";"empty";"";"fetched (200)";"2022-08-05 17:08:16.168103";"Facebook:/<post-id>/comments";"";"";"";"";"";"";"";"";"";"";"";"";"";""
"327158650971191_1557869387900105/327158650971191_1741717616181947/327158650971191_1741717616181947";"43917";"43804";"2";"327158650971191_1741717616181947";"empty";"";"fetched (200)";"2022-08-05 17:16:53.815294";"Facebook:/<post-id>/comments";"";"";"";"";"";"";"";"";"";"";"";"";"";""
"327158650971191_1557869387900105/327158650971191_1734978643522511";"43805";"12157";"1";"327158650971191_1734978643522511";"data";"data.*";"fetched (200)";"2022-08-05 17:05:39.694514";"Facebook:/<page-id>/posts";"327158650971191";"SkyLine Real Estate";"2021-09-08T13:34:18+0000";"2021-09-08T13:34:18+0000";"Our sister company into IT, located in Colombo 05 is looking for an experienced WordPress developer  Experience:  - 1 to 2 years of experience in WordPress Development - Excellent knowledge in PHP and HTML5 - Ability to test and deploy production websites  Job Roles and Responsibilities  - Create new websites using WordPress and modify existing websites as per client preference - Backup all the websites and make sure there is zero downtime on all the live websites - Stage website when updating Themes, Plugins, Features and deploy successfully on live website  If you feel, you have the right skills, we would love to hear from you. You can send us your resume by clicking the Apply Button or WhatApp / Call us on 0777 669669 to arrange a phone interview.";"";"0";"0";"0";"0";"0";"0";"0";"0"
"327158650971191_1557869387900105/327158650971191_1734978643522511/327158650971191_1734978643522511";"43862";"43805";"2";"327158650971191_1734978643522511";"empty";"";"fetched (200)";"2022-08-05 17:08:16.583104";"Facebook:/<post-id>/comments";"";"";"";"";"";"";"";"";"";"";"";"";"";""
"327158650971191_1557869387900105/327158650971191_1734978643522511/327158650971191_1734978643522511";"43918";"43805";"2";"327158650971191_1734978643522511";"empty";"";"fetched (200)";"2022-08-05 17:16:54.328480";"Facebook:/<post-id>/comments";"";"";"";"";"";"";"";"";"";"";"";"";"";""
"327158650971191_1557869387900105/327158650971191_1734059716947737";"43806";"12157";"1";"327158650971191_1734059716947737";"data";"data.*";"fetched (200)";"2022-08-05 17:05:39.694514";"Facebook:/<page-id>/posts";"327158650971191";"SkyLine Real Estate";"2021-09-07T08:16:28+0000";"2021-09-07T08:16:28+0000";"Our sister company is looking for an e-commerce Manager to handle the multi-vendor e-commerce platform.  Required Experience: - At-least 1 year experience working in an e-commerce business platform (Compulsory) - Good communication skills in English and Sinhala or Tamil - Leadership qualities - Ideally someone living closer to Colombo or Suburbs  Job Roles and Responsibilities - Handle the entire e-commerce platform and run the day to day operation - Source for new suppliers, communicate with existing suppliers and maintain an inventory list at all times - Maintain an in-house product collection by purchasing relevant products and keep an inventory of same - Communicate with the courier partners and maintain an effective communication channel with all parties - Do promotions and marketing campaign to attract customers and increase sales - Provide sales and performance reports to the Management at the end of each month  If you are interested to participate in a phone interview, please WhatsApp to 0777669669 mentioning interest about the position for e-commerce Manager.";"";"0";"0";"0";"0";"0";"0";"0";"0"
"327158650971191_1557869387900105/327158650971191_1734059716947737/327158650971191_1734059716947737";"43863";"43806";"2";"327158650971191_1734059716947737";"empty";"";"fetched (200)";"2022-08-05 17:08:16.932677";"Facebook:/<post-id>/comments";"";"";"";"";"";"";"";"";"";"";"";"";"";""
"327158650971191_1557869387900105/327158650971191_1734059716947737/327158650971191_1734059716947737";"43919";"43806";"2";"327158650971191_1734059716947737";"empty";"";"fetched (200)";"2022-08-05 17:16:54.734846";"Facebook:/<post-id>/comments";"";"";"";"";"";"";"";"";"";"";"";"";"";""
"327158650971191_1557869387900105/327158650971191_1733974173622958";"43807";"12157";"1";"327158650971191_1733974173622958";"data";"data.*";"fetched (200)";"2022-08-05 17:05:39.694514";"Facebook:/<page-id>/posts";"327158650971191";"SkyLine Real Estate";"2021-09-07T05:12:11+0000";"2021-09-07T05:12:11+0000";"Our sister company (Atrium Technologies) is looking for a Web Developer  - 1 to 2 years of experience. - Good command of English. - Knowledge in HTML5, CSS, PHP. - Living in Colombo or suburbs. - Should be able to present few portfolio of completed projects during the interview.";"";"0";"0";"0";"0";"0";"0";"0";"0"
"327158650971191_1557869387900105/327158650971191_1733974173622958/327158650971191_1733974173622958";"43864";"43807";"2";"327158650971191_1733974173622958";"empty";"";"fetched (200)";"2022-08-05 17:08:17.302648";"Facebook:/<post-id>/comments";"";"";"";"";"";"";"";"";"";"";"";"";"";""
"327158650971191_1557869387900105/327158650971191_1733974173622958/327158650971191_1733974173622958";"43920";"43807";"2";"327158650971191_1733974173622958";"empty";"";"fetched (200)";"2022-08-05 17:16:55.144223";"Facebook:/<post-id>/comments";"";"";"";"";"";"";"";"";"";"";"";"";"";""
"327158650971191_1557869387900105/327158650971191_1733974100289632";"43808";"12157";"1";"327158650971191_1733974100289632";"data";"data.*";"fetched (200)";"2022-08-05 17:05:39.694514";"Facebook:/<page-id>/posts";"327158650971191";"SkyLine Real Estate";"2021-09-07T05:12:10+0000";"2021-09-07T05:12:10+0000";"Our sister company (Atrium Technologies) is looking for a Trainee Web Developer  - O/L or A/L qualified. - Should know the basics of Websites, Computers and a likeness to Information Technology. - Should be someone living in Colombo or suburbs. - Selected candidate will be provided 6 months on-the-job training and absorbed into permanent position.";"";"0";"0";"0";"0";"0";"0";"0";"0"
"327158650971191_1557869387900105/327158650971191_1733974100289632/327158650971191_1733974100289632";"43865";"43808";"2";"327158650971191_1733974100289632";"empty";"";"fetched (200)";"2022-08-05 17:08:17.712748";"Facebook:/<post-id>/comments";"";"";"";"";"";"";"";"";"";"";"";"";"";""
"327158650971191_1557869387900105/327158650971191_1733974100289632/327158650971191_1733974100289632";"43921";"43808";"2";"327158650971191_1733974100289632";"empty";"";"fetched (200)";"2022-08-05 17:16:55.561408";"Facebook:/<post-id>/comments";"";"";"";"";"";"";"";"";"";"";"";"";"";""
"327158650971191_1557869387900105/327158650971191_1733974086956300";"43809";"12157";"1";"327158650971191_1733974086956300";"data";"data.*";"fetched (200)";"2022-08-05 17:05:39.694514";"Facebook:/<page-id>/posts";"327158650971191";"SkyLine Real Estate";"2021-09-07T05:12:09+0000";"2021-09-07T05:12:09+0000";"An institution located in Bambalapitiya is looking for an Administration Assistant to overlook the day to day operations of the institution.  Job Requirement - Should be able to converse in all 3 languages (English, Sinhala and Tamil) - Should be living close to Colombo or Greater Colombo. - Candidates after O/L's or A/L's can also apply as Trainee Assistants.  Only phone interviews will be conducted. Please call us on 0766715506 between 09.30 am until 06.30 pm on weekdays.";"";"0";"0";"0";"0";"0";"0";"0";"0"
"327158650971191_1557869387900105/327158650971191_1733974086956300/327158650971191_1733974086956300";"43866";"43809";"2";"327158650971191_1733974086956300";"empty";"";"fetched (200)";"2022-08-05 17:08:18.119032";"Facebook:/<post-id>/comments";"";"";"";"";"";"";"";"";"";"";"";"";"";""
"327158650971191_1557869387900105/327158650971191_1733974086956300/327158650971191_1733974086956300";"43922";"43809";"2";"327158650971191_1733974086956300";"empty";"";"fetched (200)";"2022-08-05 17:16:55.969467";"Facebook:/<post-id>/comments";"";"";"";"";"";"";"";"";"";"";"";"";"";""
"327158650971191_1557869387900105/327158650971191_1733974076956301";"43810";"12157";"1";"327158650971191_1733974076956301";"data";"data.*";"fetched (200)";"2022-08-05 17:05:39.694514";"Facebook:/<page-id>/posts";"327158650971191";"SkyLine Real Estate";"2021-09-07T05:12:08+0000";"2021-09-07T05:12:08+0000";"Our sister company located in Battaramulla is looking to fill a position for Accounts Assistant.  - In-charge of all accounts related work - Data entry of accounts entries and maintaining same. - Should be able to join immediately. - On-the-job training will be provided.  This is a permanent position.  We conduct phone interviews only, please call 0776120766";"";"0";"1";"1";"0";"0";"0";"0";"0"
"327158650971191_1557869387900105/327158650971191_1733974076956301/327158650971191_1733974076956301";"43867";"43810";"2";"327158650971191_1733974076956301";"empty";"";"fetched (200)";"2022-08-05 17:08:18.528474";"Facebook:/<post-id>/comments";"";"";"";"";"";"";"";"";"";"";"";"";"";""
"327158650971191_1557869387900105/327158650971191_1733974076956301/327158650971191_1733974076956301";"43923";"43810";"2";"327158650971191_1733974076956301";"empty";"";"fetched (200)";"2022-08-05 17:16:56.379035";"Facebook:/<post-id>/comments";"";"";"";"";"";"";"";"";"";"";"";"";"";""
"327158650971191_1557869387900105/327158650971191_1733973900289652";"43811";"12157";"1";"327158650971191_1733973900289652";"data";"data.*";"fetched (200)";"2022-08-05 17:05:39.694514";"Facebook:/<page-id>/posts";"327158650971191";"SkyLine Real Estate";"2021-09-07T05:11:42+0000";"2021-09-07T05:11:42+0000";"Our sister company (Atrium Technologies) is looking for experienced Graphic Designers. - 1 to 2 years of experience. - Good command of English. - Living in Colombo or suburbs. - Be able to present a portfolio of previous work during interview.";"";"0";"3";"3";"0";"0";"0";"0";"0"
"327158650971191_1557869387900105/327158650971191_1733973900289652/327158650971191_1733973900289652";"43868";"43811";"2";"327158650971191_1733973900289652";"empty";"";"fetched (200)";"2022-08-05 17:08:18.939378";"Facebook:/<post-id>/comments";"";"";"";"";"";"";"";"";"";"";"";"";"";""
"327158650971191_1557869387900105/327158650971191_1733973900289652/327158650971191_1733973900289652";"43924";"43811";"2";"327158650971191_1733973900289652";"empty";"";"fetched (200)";"2022-08-05 17:16:56.888560";"Facebook:/<post-id>/comments";"";"";"";"";"";"";"";"";"";"";"";"";"";""
"327158650971191_1557869387900105/327158650971191_1733973590289683";"43812";"12157";"1";"327158650971191_1733973590289683";"data";"data.*";"fetched (200)";"2022-08-05 17:05:39.694514";"Facebook:/<page-id>/posts";"327158650971191";"SkyLine Real Estate";"2021-09-07T05:10:56+0000";"2021-09-07T05:10:56+0000";"Vacancy for a Technician in a leading company.  Job Requirements  - Good knowledge in TV repairing. - Living close to Battaramulla or Colombo and suburbs preferred.  Phone Interviews Only. Please call 0776120766 between 09.30 am until 06.30 pm on Weekdays and Weekends.";"";"0";"1";"1";"0";"0";"0";"0";"0"
"327158650971191_1557869387900105/327158650971191_1733973590289683/327158650971191_1733973590289683";"43869";"43812";"2";"327158650971191_1733973590289683";"empty";"";"fetched (200)";"2022-08-05 17:08:19.349501";"Facebook:/<post-id>/comments";"";"";"";"";"";"";"";"";"";"";"";"";"";""
"327158650971191_1557869387900105/327158650971191_1733973590289683/327158650971191_1733973590289683";"43925";"43812";"2";"327158650971191_1733973590289683";"empty";"";"fetched (200)";"2022-08-05 17:16:57.501655";"Facebook:/<post-id>/comments";"";"";"";"";"";"";"";"";"";"";"";"";"";""
"327158650971191_1557869387900105/327158650971191_1733973446956364";"43813";"12157";"1";"327158650971191_1733973446956364";"data";"data.*";"fetched (200)";"2022-08-05 17:05:39.694514";"Facebook:/<page-id>/posts";"327158650971191";"SkyLine Real Estate";"2021-09-07T05:10:51+0000";"2021-09-07T05:10:51+0000";"Our sister company into IT Solutions is looking for a Business Development Manager to work with us on a contract basis.  For each successful sale, a fixed commission is paid and upon performance, the candidate could also expect a permanent position in the company with salary and perks.  Candidate Profile: 1. Excellent command of English and Sinhala / Tamil. 2. A Marketing related Diploma or Degree. 3. Atleast 1 year experience in Sales (IT Solutions preferred).  The company is willing to entertain phone interviews as per the current Covid-19 situation in the country. Interested candidates are requested to call on 0112513513 during weekdays between 10.00 am until 06.00 pm.";"";"";"";"";"";"";"";"";""
"327158650971191_1557869387900105/327158650971191_1733973446956364/327158650971191_1733973446956364";"43870";"43813";"2";"327158650971191_1733973446956364";"empty";"";"fetched (200)";"2022-08-05 17:08:19.701638";"Facebook:/<post-id>/comments";"";"";"";"";"";"";"";"";"";"";"";"";"";""
"327158650971191_1557869387900105/327158650971191_1733973446956364/327158650971191_1733973446956364";"43926";"43813";"2";"327158650971191_1733973446956364";"empty";"";"fetched (200)";"2022-08-05 17:16:57.912009";"Facebook:/<post-id>/comments";"";"";"";"";"";"";"";"";"";"";"";"";"";""
"327158650971191_1557869387900105/327158650971191_1772088229811552";"43815";"12157";"1";"327158650971191_1772088229811552";"data";"data.*";"fetched (200)";"2022-08-05 17:05:45.086639";"Facebook:/<page-id>/posts";"327158650971191";"SkyLine Real Estate";"2021-10-27T04:35:46+0000";"2021-10-27T04:35:46+0000";"Our sister company (Atrium Technologies) is looking for experienced Graphic Designers. - 1 to 2 years of experience. - Good command of English. - Living in Colombo or suburbs. - Be able to present a portfolio of previous work during interview.";"";"0";"3";"3";"0";"0";"0";"0";"0"
"327158650971191_1557869387900105/327158650971191_1772088229811552/327158650971191_1772088229811552";"43871";"43815";"2";"327158650971191_1772088229811552";"empty";"";"fetched (200)";"2022-08-05 17:08:20.169380";"Facebook:/<post-id>/comments";"";"";"";"";"";"";"";"";"";"";"";"";"";""
"327158650971191_1557869387900105/327158650971191_1772088229811552/327158650971191_1772088229811552";"43927";"43815";"2";"327158650971191_1772088229811552";"empty";"";"fetched (200)";"2022-08-05 17:16:58.287516";"Facebook:/<post-id>/comments";"";"";"";"";"";"";"";"";"";"";"";"";"";""
"327158650971191_1557869387900105/327158650971191_1771494889870886";"43816";"12157";"1";"327158650971191_1771494889870886";"data";"data.*";"fetched (200)";"2022-08-05 17:05:45.086639";"Facebook:/<page-id>/posts";"327158650971191";"SkyLine Real Estate";"2021-10-26T11:58:15+0000";"2021-10-26T11:58:15+0000";"Our sister company (Atrium Technologies) is looking for a Web Developer  - 1 to 2 years of experience. - Good command of English. - Knowledge in HTML5, CSS, PHP. - Living in Colombo or suburbs. - Should be able to present few portfolio of completed projects during the interview.";"";"0";"0";"0";"0";"0";"0";"0";"0"
"327158650971191_1557869387900105/327158650971191_1771494889870886/327158650971191_1771494889870886";"43872";"43816";"2";"327158650971191_1771494889870886";"empty";"";"fetched (200)";"2022-08-05 17:08:20.750584";"Facebook:/<post-id>/comments";"";"";"";"";"";"";"";"";"";"";"";"";"";""
"327158650971191_1557869387900105/327158650971191_1771494889870886/327158650971191_1771494889870886";"43928";"43816";"2";"327158650971191_1771494889870886";"empty";"";"fetched (200)";"2022-08-05 17:16:58.732988";"Facebook:/<post-id>/comments";"";"";"";"";"";"";"";"";"";"";"";"";"";""
"327158650971191_1557869387900105/327158650971191_1764940107193031";"43817";"12157";"1";"327158650971191_1764940107193031";"data";"data.*";"fetched (200)";"2022-08-05 17:05:45.086639";"Facebook:/<page-id>/posts";"327158650971191";"SkyLine Real Estate";"2021-10-18T05:48:57+0000";"2021-10-18T05:48:57+0000";"Our sister company is looking for an e-commerce Manager to handle the multi-vendor e-commerce platform.  Required Experience: - At-least 1 year experience working in an e-commerce business platform (Compulsory) - Good communication skills in English and Sinhala or Tamil - Leadership qualities - Ideally someone living closer to Colombo or Suburbs  Job Roles and Responsibilities - Handle the entire e-commerce platform and run the day to day operation - Source for new suppliers, communicate with existing suppliers and maintain an inventory list at all times - Maintain an in-house product collection by purchasing relevant products and keep an inventory of same - Communicate with the courier partners and maintain an effective communication channel with all parties - Do promotions and marketing campaign to attract customers and increase sales - Provide sales and performance reports to the Management at the end of each month  If you are interested to participate in a phone interview, please WhatsApp to 0777669669 mentioning interest about the position for e-commerce Manager.";"";"0";"0";"0";"0";"0";"0";"0";"0"
"327158650971191_1557869387900105/327158650971191_1764940107193031/327158650971191_1764940107193031";"43873";"43817";"2";"327158650971191_1764940107193031";"empty";"";"fetched (200)";"2022-08-05 17:08:21.115358";"Facebook:/<post-id>/comments";"";"";"";"";"";"";"";"";"";"";"";"";"";""
"327158650971191_1557869387900105/327158650971191_1764940107193031/327158650971191_1764940107193031";"43929";"43817";"2";"327158650971191_1764940107193031";"empty";"";"fetched (200)";"2022-08-05 17:16:59.111221";"Facebook:/<post-id>/comments";"";"";"";"";"";"";"";"";"";"";"";"";"";""
"327158650971191_1557869387900105/327158650971191_1756074448079597";"43818";"12157";"1";"327158650971191_1756074448079597";"data";"data.*";"fetched (200)";"2022-08-05 17:05:45.086639";"Facebook:/<page-id>/posts";"327158650971191";"SkyLine Real Estate";"2021-10-07T06:44:45+0000";"2021-10-07T06:44:45+0000";"Our sister company into IT is looking for a web developer with below qualifications  - Should have atleast 1 to 2 years of Mobile App Development Experience. - Should be highly skilled in using all or combination of React Native, Flutter, Xamarin, Ionic. - Hands-on experience using XCode and Android Studio is advantageous. - We are looking for someone who is a creative thinker  and can manage projects independently. - Those living close to Colombo / Suburbs are welcome to apply.  When applying, please mention few of your completed / ongoing projects.";"";"0";"0";"0";"0";"0";"0";"0";"0"
"327158650971191_1557869387900105/327158650971191_1756074448079597/327158650971191_1756074448079597";"43874";"43818";"2";"327158650971191_1756074448079597";"empty";"";"fetched (200)";"2022-08-05 17:08:21.602362";"Facebook:/<post-id>/comments";"";"";"";"";"";"";"";"";"";"";"";"";"";""
"327158650971191_1557869387900105/327158650971191_1756074448079597/327158650971191_1756074448079597";"43930";"43818";"2";"327158650971191_1756074448079597";"empty";"";"fetched (200)";"2022-08-05 17:16:59.654574";"Facebook:/<post-id>/comments";"";"";"";"";"";"";"";"";"";"";"";"";"";""
"327158650971191_1557869387900105/327158650971191_1797154583971583";"43820";"12157";"1";"327158650971191_1797154583971583";"data";"data.*";"fetched (200)";"2022-08-05 17:05:49.764085";"Facebook:/<page-id>/posts";"327158650971191";"SkyLine Real Estate";"2021-11-29T07:39:30+0000";"2021-11-29T07:39:30+0000";"Our sister company (Atrium Technologies) is looking for experienced Graphic Designers. - 1 to 2 years of experience. - Good command of English. - Living in Colombo or suburbs. - Be able to present a portfolio of previous work during interview.";"";"0";"3";"3";"0";"0";"0";"0";"0"
"327158650971191_1557869387900105/327158650971191_1797154583971583/327158650971191_1797154583971583";"43875";"43820";"2";"327158650971191_1797154583971583";"empty";"";"fetched (200)";"2022-08-05 17:08:22.010473";"Facebook:/<post-id>/comments";"";"";"";"";"";"";"";"";"";"";"";"";"";""
"327158650971191_1557869387900105/327158650971191_1797154583971583/327158650971191_1797154583971583";"43931";"43820";"2";"327158650971191_1797154583971583";"empty";"";"fetched (200)";"2022-08-05 17:17:00.044237";"Facebook:/<post-id>/comments";"";"";"";"";"";"";"";"";"";"";"";"";"";""
"327158650971191_1557869387900105/327158650971191_1787427661610942";"43821";"12157";"1";"327158650971191_1787427661610942";"data";"data.*";"fetched (200)";"2022-08-05 17:05:49.764085";"Facebook:/<page-id>/posts";"327158650971191";"SkyLine Real Estate";"2021-11-16T09:16:53+0000";"2021-11-29T06:25:14+0000";"We are a software company located in Colombo 05, looking for a suitable qualified candidate for the position of QA Engineer.  Required Skills - Degree in Computer Science - At-least 1 year of work experience as a QA Engineer - Excellent command of English Language - Capable of drafting, executing and maintaining test cases of Web, Mobile app or any other systems - Better understanding of Agile  Other Special Skills - Excellent Teamworking - Flexible - Time Management - Pleasant Personality  Selected candidates can expect a positive working environment with leadership opportunities.  Please attach your latest CV's. Kindly note that applications without CV's will be rejected.  Atrium Technologies Ltd - www.atrium.lk | atrium.global";"1";"0";"0";"0";"0";"0";"0";"0";"0"
"327158650971191_1557869387900105/327158650971191_1787427661610942/327158650971191_1787427661610942";"43876";"43821";"2";"327158650971191_1787427661610942";"empty";"";"fetched (200)";"2022-08-05 17:08:22.525472";"Facebook:/<post-id>/comments";"";"";"";"";"";"";"";"";"";"";"";"";"";""
"327158650971191_1557869387900105/327158650971191_1787427661610942/327158650971191_1787427661610942";"43932";"43821";"2";"327158650971191_1787427661610942";"empty";"";"fetched (200)";"2022-08-05 17:17:00.678172";"Facebook:/<post-id>/comments";"";"";"";"";"";"";"";"";"";"";"";"";"";""
"327158650971191_1557869387900105/327158650971191_1783106602043048";"43822";"12157";"1";"327158650971191_1783106602043048";"data";"data.*";"fetched (200)";"2022-08-05 17:05:49.764085";"Facebook:/<page-id>/posts";"327158650971191";"SkyLine Real Estate";"2021-11-10T12:32:57+0000";"2021-11-10T12:32:57+0000";"We are looking for an admin assistant with below requirements, for our E-Commerce Business.  - Should have completed G.C.E O/L - Fluent in spoken English and Sinhala or Tamil - Living close to Colombo - Those with Graphic Designing skills will be an added advantage.  The Job Role You need to overlook the Order Management and Fulfillment of our E-Commerce Business. From packing, handing over the items to the courier and other day to day tasks, you will be the central point. You are at an advantage, if you also possess Graphic Designing skills to design leaflets or banners.";"";"0";"0";"0";"0";"0";"0";"0";"0"
"327158650971191_1557869387900105/327158650971191_1783106602043048/327158650971191_1783106602043048";"43877";"43822";"2";"327158650971191_1783106602043048";"empty";"";"fetched (200)";"2022-08-05 17:08:22.933399";"Facebook:/<post-id>/comments";"";"";"";"";"";"";"";"";"";"";"";"";"";""
"327158650971191_1557869387900105/327158650971191_1783106602043048/327158650971191_1783106602043048";"43933";"43822";"2";"327158650971191_1783106602043048";"empty";"";"fetched (200)";"2022-08-05 17:17:01.054737";"Facebook:/<post-id>/comments";"";"";"";"";"";"";"";"";"";"";"";"";"";""
"327158650971191_1557869387900105/327158650971191_1777706552583053";"43823";"12157";"1";"327158650971191_1777706552583053";"data";"data.*";"fetched (200)";"2022-08-05 17:05:49.764085";"Facebook:/<page-id>/posts";"327158650971191";"SkyLine Real Estate";"2021-11-03T10:01:31+0000";"2021-11-03T10:01:31+0000";"Our sister company into IT Solutions is looking for part-time Sales Executives with the following experience.  - At-least 1 year of experience in Sales (Ideally in an IT sector would be highly advantageous) - A basic knowledge of using computers  We will provide an in-depth training for the selected candidates.  Attractive commission is on offer for the right candidate.  Only those who have attached a complete resume will be short-listed.";"";"0";"0";"0";"0";"0";"0";"0";"0"
"327158650971191_1557869387900105/327158650971191_1777706552583053/327158650971191_1777706552583053";"43878";"43823";"2";"327158650971191_1777706552583053";"empty";"";"fetched (200)";"2022-08-05 17:08:23.547029";"Facebook:/<post-id>/comments";"";"";"";"";"";"";"";"";"";"";"";"";"";""
"327158650971191_1557869387900105/327158650971191_1777706552583053/327158650971191_1777706552583053";"43934";"43823";"2";"327158650971191_1777706552583053";"empty";"";"fetched (200)";"2022-08-05 17:17:01.502891";"Facebook:/<post-id>/comments";"";"";"";"";"";"";"";"";"";"";"";"";"";""
"327158650971191_1557869387900105/327158650971191_1807602136260161";"43825";"12157";"1";"327158650971191_1807602136260161";"data";"data.*";"fetched (200)";"2022-08-05 17:05:56.999146";"Facebook:/<page-id>/posts";"327158650971191";"SkyLine Real Estate";"2021-12-14T03:56:53+0000";"2021-12-14T03:56:53+0000";"Here's an ideal opportunity to generate a Passive Income. Own this fabulous piece of land facing the Colombo - Puttalam Main Road.  Ideal Location to start a Self-owned business like Restaurant, Wedding Hall, Petrol Shed, Hospital, Supermarket or any other such business. You can even start an agricultural farm or coconut estate here.   This is the only land available at this location and currently offered at a competitive price. So grab this offer soon before the prices are raised.  Property Features: - 200 Perches With High Main Road Frontage - 2.5 km to Palavi - Kalpitiya Road - Clear Deed  For more details / pricing - Call or WhatsApp 0777669669  #property #srilankaproperty #realestate #srilankarealestate #srilanka #colombo #landinsrilanka #landforsalesrilanka #Puttalam";"";"0";"15";"14";"1";"0";"0";"0";"0"
"327158650971191_1557869387900105/327158650971191_1807602136260161/327158650971191_1807602136260161";"43879";"43825";"2";"327158650971191_1807602136260161";"empty";"";"fetched (200)";"2022-08-05 17:08:23.959557";"Facebook:/<post-id>/comments";"";"";"";"";"";"";"";"";"";"";"";"";"";""
"327158650971191_1557869387900105/327158650971191_1807602136260161/327158650971191_1807602136260161";"43935";"43825";"2";"327158650971191_1807602136260161";"empty";"";"fetched (200)";"2022-08-05 17:17:01.852714";"Facebook:/<post-id>/comments";"";"";"";"";"";"";"";"";"";"";"";"";"";""
"327158650971191_1557869387900105/327158650971191_1806893606331014";"43826";"12157";"1";"327158650971191_1806893606331014";"data";"data.*";"fetched (200)";"2022-08-05 17:05:56.999146";"Facebook:/<page-id>/posts";"327158650971191";"SkyLine Real Estate";"2021-12-13T03:32:01+0000";"2021-12-13T03:32:01+0000";"Our sister company into IT Solutions is looking for part-time Sales Executives with the following experience.  - At-least 1 year of experience in Sales (Ideally in an IT sector would be highly advantageous) - A basic knowledge of using computers  We will provide an in-depth training for the selected candidates.  Attractive commission is on offer for the right candidate.  Only those who have attached a complete resume will be short-listed.";"";"0";"0";"0";"0";"0";"0";"0";"0"
"327158650971191_1557869387900105/327158650971191_1806893606331014/327158650971191_1806893606331014";"43880";"43826";"2";"327158650971191_1806893606331014";"empty";"";"fetched (200)";"2022-08-05 17:08:24.569333";"Facebook:/<post-id>/comments";"";"";"";"";"";"";"";"";"";"";"";"";"";""
"327158650971191_1557869387900105/327158650971191_1806893606331014/327158650971191_1806893606331014";"43936";"43826";"2";"327158650971191_1806893606331014";"empty";"";"fetched (200)";"2022-08-05 17:17:02.314558";"Facebook:/<post-id>/comments";"";"";"";"";"";"";"";"";"";"";"";"";"";""
"327158650971191_1557869387900105/327158650971191_1842945512725823";"43828";"12157";"1";"327158650971191_1842945512725823";"data";"data.*";"fetched (200)";"2022-08-05 17:06:07.381788";"Facebook:/<page-id>/posts";"327158650971191";"SkyLine Real Estate";"2022-01-31T10:24:15+0000";"2022-01-31T10:24:15+0000";"We are a software company located in Colombo 05, looking for a suitable qualified candidate for the position of QA Engineer.  Required Skills - Degree in Computer Science - At-least 1 year of work experience as a QA Engineer - Excellent command of English Language - Capable of drafting, executing and maintaining test cases of Web, Mobile app or any other systems - Better understanding of Agile  Other Special Skills - Excellent Teamworking - Flexible - Time Management - Pleasant Personality  Selected candidates can expect a positive working environment with leadership opportunities.  Please attach your latest CV's. Kindly note that applications without CV's will be rejected.  Atrium Technologies Ltd - www.atrium.lk | atrium.global";"1";"0";"0";"0";"0";"0";"0";"0";"0"
"327158650971191_1557869387900105/327158650971191_1842945512725823/327158650971191_1842945512725823";"43881";"43828";"2";"327158650971191_1842945512725823";"empty";"";"fetched (200)";"2022-08-05 17:08:24.981495";"Facebook:/<post-id>/comments";"";"";"";"";"";"";"";"";"";"";"";"";"";""
"327158650971191_1557869387900105/327158650971191_1842945512725823/327158650971191_1842945512725823";"43937";"43828";"2";"327158650971191_1842945512725823";"empty";"";"fetched (200)";"2022-08-05 17:17:02.906537";"Facebook:/<post-id>/comments";"";"";"";"";"";"";"";"";"";"";"";"";"";""
"327158650971191_1557869387900105/327158650971191_1837587359928305";"43829";"12157";"1";"327158650971191_1837587359928305";"data";"data.*";"fetched (200)";"2022-08-05 17:06:07.381788";"Facebook:/<page-id>/posts";"327158650971191";"SkyLine Real Estate";"2022-01-24T04:12:31+0000";"2022-01-24T04:12:31+0000";"Our sister company, Atrium Technologies Ltd, is looking for an Associate Software Engineer.  Required Skills - Having a Bachelor's Degree in IT or Engineering - At-least 1 year of work experience in a similar position (Those without work experience can be absorbed as Trainee) - Good knowledge in Laravel Framework, Php, My SQL, HTML, CSS, JavaScript  Job Roles and Responsibilities - Report to the Senior Software Engineer - Undertake the jobs given by the superior and complete them on time - Conduct QA Testing on systems, time to time.";"";"0";"0";"0";"0";"0";"0";"0";"0"
"327158650971191_1557869387900105/327158650971191_1837587359928305/327158650971191_1837587359928305";"43882";"43829";"2";"327158650971191_1837587359928305";"empty";"";"fetched (200)";"2022-08-05 17:08:25.389870";"Facebook:/<post-id>/comments";"";"";"";"";"";"";"";"";"";"";"";"";"";""
"327158650971191_1557869387900105/327158650971191_1837587359928305/327158650971191_1837587359928305";"43938";"43829";"2";"327158650971191_1837587359928305";"empty";"";"fetched (200)";"2022-08-05 17:17:03.342152";"Facebook:/<post-id>/comments";"";"";"";"";"";"";"";"";"";"";"";"";"";""
"327158650971191_1557869387900105/327158650971191_1835321530154888";"43830";"12157";"1";"327158650971191_1835321530154888";"data";"data.*";"fetched (200)";"2022-08-05 17:06:07.381788";"Facebook:/<page-id>/posts";"327158650971191";"SkyLine Real Estate";"2022-01-21T05:44:51+0000";"2022-01-25T06:55:35+0000";"Our sister company, Atrium Technologies Ltd,  is looking for a QA Associate.  Job Roles and Responsibilities - Test our Web and Mobile Systems for UX/UI changes - Run test cases to detect major and minor issues and unpredictable system behaviour - Continuously test the systems for issues using regression testing - Communicate the issues found to the development team and track their progress, re-check the issues and update status of the issue  Skills we are looking for: - Having completed their Bachelor / Engineering Degree in IT - Excellent English Language skills (This is required to test the words and sentences used within the system like the messages, notifications etc) - Atleast 1 year of working experience is preferred (For those without work experience, you can start as Trainee and upgrade to QA Associate after the training)  We can offer you a positive working environment with a clear career path according to your performance.";"";"0";"0";"0";"0";"0";"0";"0";"0"
"327158650971191_1557869387900105/327158650971191_1835321530154888/327158650971191_1835321530154888";"43883";"43830";"2";"327158650971191_1835321530154888";"empty";"";"fetched (200)";"2022-08-05 17:08:25.802854";"Facebook:/<post-id>/comments";"";"";"";"";"";"";"";"";"";"";"";"";"";""
"327158650971191_1557869387900105/327158650971191_1835321530154888/327158650971191_1835321530154888";"43939";"43830";"2";"327158650971191_1835321530154888";"empty";"";"fetched (200)";"2022-08-05 17:17:03.716647";"Facebook:/<post-id>/comments";"";"";"";"";"";"";"";"";"";"";"";"";"";""
"327158650971191_1557869387900105/327158650971191_1849433518743689";"43832";"12157";"1";"327158650971191_1849433518743689";"data";"data.*";"fetched (200)";"2022-08-05 17:06:12.628407";"Facebook:/<page-id>/posts";"327158650971191";"SkyLine Real Estate";"2022-02-09T08:16:09+0000";"2022-02-09T08:16:09+0000";"In just 5 classes, learn all the basics of Web Development and start your own Web Development Company or start creating websites for others.  We will cover the basics of HTML, CSS and JavaScript. Both Individual and Group Classes can be arranged. Next batch starts on Mid-February 2022  WhatsApp us on 0777446446 for more details.";"";"0";"0";"0";"0";"0";"0";"0";"0"
"327158650971191_1557869387900105/327158650971191_1849433518743689/327158650971191_1849433518743689";"43884";"43832";"2";"327158650971191_1849433518743689";"empty";"";"fetched (200)";"2022-08-05 17:08:26.209674";"Facebook:/<post-id>/comments";"";"";"";"";"";"";"";"";"";"";"";"";"";""
"327158650971191_1557869387900105/327158650971191_1849433518743689/327158650971191_1849433518743689";"43940";"43832";"2";"327158650971191_1849433518743689";"empty";"";"fetched (200)";"2022-08-05 17:17:04.077647";"Facebook:/<post-id>/comments";"";"";"";"";"";"";"";"";"";"";"";"";"";""
"327158650971191_1557869387900105/327158650971191_1900634400290267";"43835";"12157";"1";"327158650971191_1900634400290267";"data";"data.*";"fetched (200)";"2022-08-05 17:06:22.729982";"Facebook:/<page-id>/posts";"327158650971191";"SkyLine Real Estate";"2022-04-20T05:48:53+0000";"2022-04-25T13:03:32+0000";"--Startup IT Business - Looking for Business Partners--  A Startup IT Business in Colombo is looking for partners to expand its business operation. Currently, an in-house POS and ERP system is being built. A Senior Software Engineer and a Digital Marketing Staff is present along-with few outsourced staff.  The company is looking to either merge with a current IT Business or willing to accommodate a Director into their business. Those interested to know more details can call them on 0777446446";"";"1";"14";"13";"0";"1";"0";"0";"0"
"327158650971191_1557869387900105/327158650971191_1900634400290267/327158650971191_1900634400290267";"43885";"43835";"2";"327158650971191_1900634400290267";"data";"data.*";"fetched (200)";"2022-08-05 17:08:26.619811";"Facebook:/<post-id>/comments";"";"";"2022-04-25T13:02:00+0000";"";"Would you be interested to partner up with a sms based solutions company for transactional sms through your POS? Contact for more details 0776773273";"";"";"";"";"";"";"";"";""
"327158650971191_1557869387900105/327158650971191_1900634400290267/327158650971191_1900634400290267";"43941";"43835";"2";"327158650971191_1900634400290267";"data";"data.*";"fetched (200)";"2022-08-05 17:17:04.463359";"Facebook:/<post-id>/comments";"";"";"2022-04-25T13:02:00+0000";"";"Would you be interested to partner up with a sms based solutions company for transactional sms through your POS? Contact for more details 0776773273";"";"";"";"";"";"";"";"";""
"327158650971191_1557869387900105/SLRE777";"43886";"12157";"1";"SLRE777";"empty";"";"fetched (200)";"2022-08-05 17:15:39.853281";"Facebook:/<page-id>/posts";"";"";"";"";"";"";"";"";"";"";"";"";"";""
"327158650971191_1557869387900105/SLRE777/SLRE777";"43942";"43886";"2";"SLRE777";"empty";"";"error (400)";"2022-08-05 17:17:04.875970";"Facebook:/<post-id>/comments";"";"";"";"";"";"";"";"";"";"";"";"";"";""
"327158650971191_1557869387900105/SLRE777/SLRE777";"43943";"43886";"2";"SLRE777";"offcut";"";"error (400)";"2022-08-05 17:17:04.875970";"Facebook:/<post-id>/comments";"";"";"";"";"";"";"";"";"";"";"";"";"";""
"327158650971191_1557869387900105/327158650971191_1900634400290267";"43887";"12157";"1";"327158650971191_1900634400290267";"data";"data.*";"fetched (200)";"2022-08-05 17:15:58.720083";"Facebook:/<page-id>/posts";"327158650971191";"SkyLine Real Estate";"2022-04-20T05:48:53+0000";"2022-04-25T13:03:32+0000";"--Startup IT Business - Looking for Business Partners--  A Startup IT Business in Colombo is looking for partners to expand its business operation. Currently, an in-house POS and ERP system is being built. A Senior Software Engineer and a Digital Marketing Staff is present along-with few outsourced staff.  The company is looking to either merge with a current IT Business or willing to accommodate a Director into their business. Those interested to know more details can call them on 0777446446";"";"1";"14";"13";"0";"1";"0";"0";"0"
"327158650971191_1557869387900105/327158650971191_1900634400290267/327158650971191_1900634400290267";"43944";"43887";"2";"327158650971191_1900634400290267";"data";"data.*";"fetched (200)";"2022-08-05 17:17:05.224664";"Facebook:/<post-id>/comments";"";"";"2022-04-25T13:02:00+0000";"";"Would you be interested to partner up with a sms based solutions company for transactional sms through your POS? Contact for more details 0776773273";"";"";"";"";"";"";"";"";""
"327158650971191_1557869387900105/SLRE777";"43888";"12157";"1";"SLRE777";"offcut";"";"fetched (200)";"2022-08-05 17:15:58.720083";"Facebook:/<page-id>/posts";"";"";"";"";"";"";"";"";"";"";"";"";"";""
"327158650971191_1557869387900105/SLRE777";"43889";"12157";"1";"SLRE777";"empty";"";"fetched (200)";"2022-08-05 17:16:04.436836";"Facebook:/<page-id>/posts";"";"";"";"";"";"";"";"";"";"";"";"";"";""
"327158650971191_1557869387900105/SLRE777/SLRE777";"43945";"43889";"2";"SLRE777";"empty";"";"error (400)";"2022-08-05 17:17:05.695297";"Facebook:/<post-id>/comments";"";"";"";"";"";"";"";"";"";"";"";"";"";""
"327158650971191_1557869387900105/SLRE777/SLRE777";"43946";"43889";"2";"SLRE777";"offcut";"";"error (400)";"2022-08-05 17:17:05.695297";"Facebook:/<post-id>/comments";"";"";"";"";"";"";"";"";"";"";"";"";"";""
"327158650971191_1557869387900105/SLRE777";"43890";"12157";"1";"SLRE777";"empty";"";"fetched (200)";"2022-08-05 17:16:09.844956";"Facebook:/<page-id>/posts";"";"";"";"";"";"";"";"";"";"";"";"";"";""
"327158650971191_1557869387900105/SLRE777/SLRE777";"43947";"43890";"2";"SLRE777";"empty";"";"error (400)";"2022-08-05 17:17:06.111600";"Facebook:/<post-id>/comments";"";"";"";"";"";"";"";"";"";"";"";"";"";""
"327158650971191_1557869387900105/SLRE777/SLRE777";"43948";"43890";"2";"SLRE777";"offcut";"";"error (400)";"2022-08-05 17:17:06.111600";"Facebook:/<post-id>/comments";"";"";"";"";"";"";"";"";"";"";"";"";"";""
"327158650971191_1557869387900105/SLRE777";"43891";"12157";"1";"SLRE777";"empty";"";"fetched (200)";"2022-08-05 17:16:16.818412";"Facebook:/<page-id>/posts";"";"";"";"";"";"";"";"";"";"";"";"";"";""
"327158650971191_1557869387900105/SLRE777/SLRE777";"43949";"43891";"2";"SLRE777";"empty";"";"error (400)";"2022-08-05 17:17:06.830567";"Facebook:/<post-id>/comments";"";"";"";"";"";"";"";"";"";"";"";"";"";""
"327158650971191_1557869387900105/SLRE777/SLRE777";"43950";"43891";"2";"SLRE777";"offcut";"";"error (400)";"2022-08-05 17:17:06.830567";"Facebook:/<post-id>/comments";"";"";"";"";"";"";"";"";"";"";"";"";"";""
